{
  "id": "2677802",
  "name": "admin",
  "font_family": "iconfont",
  "css_prefix_text": "icon-",
  "description": "",
  "glyphs": [
    {
      "icon_id": "802974",
      "name": "数据",
      "font_class": "shuju",
      "unicode": "e651",
      "unicode_decimal": 58961
    },
    {
      "icon_id": "14843441",
      "name": "权限",
      "font_class": "quanxian",
      "unicode": "e60a",
      "unicode_decimal": 58890
    },
    {
      "icon_id": "14843442",
      "name": "商品管理",
      "font_class": "shangpinguanli",
      "unicode": "e60b",
      "unicode_decimal": 58891
    },
    {
      "icon_id": "16810984",
      "name": "订单",
      "font_class": "dingdan",
      "unicode": "e659",
      "unicode_decimal": 58969
    },
    {
      "icon_id": "17927304",
      "name": "用户",
      "font_class": "yonghu",
      "unicode": "e601",
      "unicode_decimal": 58881
    },
    {
      "icon_id": "1249063",
      "name": "密码",
      "font_class": "mima",
      "unicode": "e60f",
      "unicode_decimal": 58895
    }
  ]
}
